{
	"page": 1,
	"results": [
		{
			"adult": false,
			"backdrop_path": "/xDMIl84Qo5Tsu62c9DGWhmPI67A.jpg",
			"id": 505642,
			"title": "Black Panther: Wakanda Forever",
			"original_language": "en",
			"original_title": "Black Panther: Wakanda Forever",
			"overview": "Queen Ramonda, Shuri, M’Baku, Okoye and the Dora Milaje fight to protect their nation from intervening world powers in the wake of King T’Challa’s death.  As the Wakandans strive to embrace their next chapter, the heroes must band together with the help of War Dog Nakia and Everett Ross and forge a new path for the kingdom of Wakanda.",
			"poster_path": "/sv1xJUazXeYqALzczSZ3O6nkH75.jpg",
			"media_type": "movie",
			"genre_ids": [28, 12, 878],
			"popularity": 3055.545,
			"release_date": "2022-11-09",
			"video": false,
			"vote_average": 7.427,
			"vote_count": 3477
		},
		{
			"adult": false,
			"backdrop_path": "/8YFL5QQVPy3AgrEQxNYVSgiPEbe.jpg",
			"id": 640146,
			"title": "Ant-Man and the Wasp: Quantumania",
			"original_language": "en",
			"original_title": "Ant-Man and the Wasp: Quantumania",
			"overview": "Super-Hero partners Scott Lang and Hope van Dyne, along with with Hope's parents Janet van Dyne and Hank Pym, and Scott's daughter Cassie Lang, find themselves exploring the Quantum Realm, interacting with strange new creatures and embarking on an adventure that will push them beyond the limits of what they thought possible.",
			"poster_path": "/ngl2FKBlU4fhbdsrtdom9LVLBXw.jpg",
			"media_type": "movie",
			"genre_ids": [12, 878, 35],
			"popularity": 1662.614,
			"release_date": "2023-02-10",
			"video": false,
			"vote_average": 6.5,
			"vote_count": 643
		},
		{
			"adult": false,
			"backdrop_path": "/gH0FHLbOgDIxCkwwzgh14pdnc5p.jpg",
			"id": 631842,
			"title": "Knock at the Cabin",
			"original_language": "en",
			"original_title": "Knock at the Cabin",
			"overview": "While vacationing at a remote cabin, a young girl and her two fathers are taken hostage by four armed strangers who demand that the family make an unthinkable choice to avert the apocalypse. With limited access to the outside world, the family must decide what they believe before all is lost.",
			"poster_path": "/dm06L9pxDOL9jNSK4Cb6y139rrG.jpg",
			"media_type": "movie",
			"genre_ids": [27, 9648, 53],
			"popularity": 611.281,
			"release_date": "2023-02-01",
			"video": false,
			"vote_average": 6.613,
			"vote_count": 432
		},
		{
			"adult": false,
			"backdrop_path": "/b1Y8SUb12gPHCSSSNlbX4nB3IKy.jpg",
			"id": 315162,
			"title": "Puss in Boots: The Last Wish",
			"original_language": "en",
			"original_title": "Puss in Boots: The Last Wish",
			"overview": "Puss in Boots discovers that his passion for adventure has taken its toll: He has burned through eight of his nine lives, leaving him with only one life left. Puss sets out on an epic journey to find the mythical Last Wish and restore his nine lives.",
			"poster_path": "/kuf6dutpsT0vSVehic3EZIqkOBt.jpg",
			"media_type": "movie",
			"genre_ids": [16, 12, 35, 10751, 14],
			"popularity": 2355.077,
			"release_date": "2022-12-07",
			"video": false,
			"vote_average": 8.465,
			"vote_count": 3983
		},
		{
			"adult": false,
			"backdrop_path": "/cG5QZHyIRJXqo53YA41gbNMlpIM.jpg",
			"id": 717980,
			"title": "Sharper",
			"original_language": "en",
			"original_title": "Sharper",
			"overview": "A small, wealthy family in New York City gets progressively torn apart by secrets, lies, and the theft that orchestrates all of it.",
			"poster_path": "/tq8x5F17q95T1j0up5rpzXFAylN.jpg",
			"media_type": "movie",
			"genre_ids": [53, 80, 18],
			"popularity": 306.06,
			"release_date": "2023-02-10",
			"video": false,
			"vote_average": 7.139,
			"vote_count": 97
		},
		{
			"adult": false,
			"backdrop_path": "/r7Dfg9aRZ78gJsmDlCirIIlNH3d.jpg",
			"id": 785084,
			"title": "The Whale",
			"original_language": "en",
			"original_title": "The Whale",
			"overview": "A reclusive English teacher suffering from severe obesity attempts to reconnect with his estranged teenage daughter for one last chance at redemption.",
			"poster_path": "/jQ0gylJMxWSL490sy0RrPj1Lj7e.jpg",
			"media_type": "movie",
			"genre_ids": [18],
			"popularity": 1035.729,
			"release_date": "2022-12-09",
			"video": false,
			"vote_average": 7.798,
			"vote_count": 297
		},
		{
			"adult": false,
			"backdrop_path": "/gwRMwljwHoNCyyJVgMA2XC4qPUU.jpg",
			"id": 615777,
			"title": "Babylon",
			"original_language": "en",
			"original_title": "Babylon",
			"overview": "A tale of outsized ambition and outrageous excess, tracing the rise and fall of multiple characters in an era of unbridled decadence and depravity during Hollywood's transition from silent films and to sound films in the late 1920s.",
			"poster_path": "/wjOHjWCUE0YzDiEzKv8AfqHj3ir.jpg",
			"media_type": "movie",
			"genre_ids": [18, 35],
			"popularity": 427.348,
			"release_date": "2022-12-22",
			"video": false,
			"vote_average": 7.6,
			"vote_count": 1142
		},
		{
			"adult": false,
			"backdrop_path": "/9Rq14Eyrf7Tu1xk0Pl7VcNbNh1n.jpg",
			"id": 646389,
			"title": "Plane",
			"original_language": "en",
			"original_title": "Plane",
			"overview": "After a heroic job of successfully landing his storm-damaged aircraft in a war zone, a fearless pilot finds himself between the agendas of multiple militias planning to take the plane and its passengers hostage.",
			"poster_path": "/qi9r5xBgcc9KTxlOLjssEbDgO0J.jpg",
			"media_type": "movie",
			"genre_ids": [28, 12, 53],
			"popularity": 2766.635,
			"release_date": "2023-01-12",
			"video": false,
			"vote_average": 6.813,
			"vote_count": 587
		},
		{
			"adult": false,
			"backdrop_path": "/s16H6tpK2utvwDtzZ8Qy4qm5Emw.jpg",
			"id": 76600,
			"title": "Avatar: The Way of Water",
			"original_language": "en",
			"original_title": "Avatar: The Way of Water",
			"overview": "Set more than a decade after the events of the first film, learn the story of the Sully family (Jake, Neytiri, and their kids), the trouble that follows them, the lengths they go to keep each other safe, the battles they fight to stay alive, and the tragedies they endure.",
			"poster_path": "/t6HIqrRAclMCA60NsSmeqe9RmNV.jpg",
			"media_type": "movie",
			"genre_ids": [878, 12, 28],
			"popularity": 1090.433,
			"release_date": "2022-12-14",
			"video": false,
			"vote_average": 7.727,
			"vote_count": 5421
		},
		{
			"adult": false,
			"backdrop_path": "/j9j7a5rnIKaFiWbuMzC41xgFE4r.jpg",
			"id": 536554,
			"title": "M3GAN",
			"original_language": "en",
			"original_title": "M3GAN",
			"overview": "A brilliant toy company roboticist uses artificial intelligence to develop M3GAN, a life-like doll programmed to emotionally bond with her newly orphaned niece. But when the doll's programming works too well, she becomes overprotective of her new friend with terrifying results.",
			"poster_path": "/d9nBoowhjiiYc4FBNtQkPY7c11H.jpg",
			"media_type": "movie",
			"genre_ids": [878, 27, 35],
			"popularity": 1182.14,
			"release_date": "2022-12-28",
			"video": false,
			"vote_average": 7.539,
			"vote_count": 1739
		},
		{
			"adult": false,
			"backdrop_path": "/1xhcEecvRJXQ2OAVO7l9btlrN6D.jpg",
			"id": 667216,
			"title": "Infinity Pool",
			"original_language": "en",
			"original_title": "Infinity Pool",
			"overview": "While staying at an isolated island resort, James and Em are enjoying a perfect vacation of pristine beaches, exceptional staff, and soaking up the sun. But guided by the seductive and mysterious Gabi, they venture outside the resort grounds and find themselves in a culture filled with violence, hedonism, and untold horror.",
			"poster_path": "/5DNRr2juXdwtvktwXxwuk9Usk8O.jpg",
			"media_type": "movie",
			"genre_ids": [27, 878, 53],
			"popularity": 97.531,
			"release_date": "2023-01-27",
			"video": false,
			"vote_average": 6.601,
			"vote_count": 104
		},
		{
			"adult": false,
			"backdrop_path": "/cKqk1m6n2lPHZMHNSVYhrnRCiux.jpg",
			"id": 1063422,
			"title": "The Strays",
			"original_language": "en",
			"original_title": "The Strays",
			"overview": "A Black woman's meticulously crafted life of privilege starts to unravel when two strangers show up in her quaint suburban town.",
			"poster_path": "/3OKBFYRVSKkBVJ7WpKogTVQfUqC.jpg",
			"media_type": "movie",
			"genre_ids": [53, 9648, 18],
			"popularity": 31.923,
			"release_date": "2023-02-17",
			"video": false,
			"vote_average": 6.5,
			"vote_count": 51
		},
		{
			"adult": false,
			"backdrop_path": "/u6HeK9nl6p2MAKSxHF613LOhuFM.jpg",
			"id": 703451,
			"title": "Your Place or Mine",
			"original_language": "en",
			"original_title": "Your Place or Mine",
			"overview": "When best friends and total opposites Debbie and Peter swap homes for a week, they get a peek into each other's lives that could open the door to love.",
			"poster_path": "/ApkSeqfIPRCxOtfjXYYE6Ji7jVU.jpg",
			"media_type": "movie",
			"genre_ids": [10749, 35],
			"popularity": 425.425,
			"release_date": "2023-02-10",
			"video": false,
			"vote_average": 6.356,
			"vote_count": 323
		},
		{
			"adult": false,
			"backdrop_path": "/hogFjtmJlEIARfFQvdBsKANYG9a.jpg",
			"id": 740441,
			"title": "Unlocked",
			"original_language": "ko",
			"original_title": "스마트폰을 떨어뜨렸을 뿐인데",
			"overview": "A woman’s life is turned upside-down when a dangerous man gets a hold of her lost cell phone and uses it to track her every move.",
			"poster_path": "/s9DOGlKfXWlnxAdOJHQzP3aRqt0.jpg",
			"media_type": "movie",
			"genre_ids": [53, 9648],
			"popularity": 288.05,
			"release_date": "2023-02-17",
			"video": false,
			"vote_average": 7.4,
			"vote_count": 60
		},
		{
			"adult": false,
			"backdrop_path": "/hUtrCoGrlo3o8juAI1ZzA7F1LX9.jpg",
			"id": 777245,
			"title": "Women Talking",
			"original_language": "en",
			"original_title": "Women Talking",
			"overview": "A group of women in an isolated religious colony struggle to reconcile their faith with a series of sexual assaults committed by the colony's men.",
			"poster_path": "/twUbb6Irktv0VEsJXQWJ3VKyxFX.jpg",
			"media_type": "movie",
			"genre_ids": [18],
			"popularity": 96.685,
			"release_date": "2022-12-23",
			"video": false,
			"vote_average": 7.563,
			"vote_count": 40
		},
		{
			"adult": false,
			"backdrop_path": "/rzdPqYx7Um4FUZeD8wpXqjAUcEm.jpg",
			"id": 597,
			"title": "Titanic",
			"original_language": "en",
			"original_title": "Titanic",
			"overview": "101-year-old Rose DeWitt Bukater tells the story of her life aboard the Titanic, 84 years later. A young Rose boards the ship with her mother and fiancé. Meanwhile, Jack Dawson and Fabrizio De Rossi win third-class tickets aboard the ship. Rose tells the whole story from Titanic's departure through to its death—on its first and last voyage—on April 15, 1912.",
			"poster_path": "/9xjZS2rlVxm8SFx8kPC3aIGCOYQ.jpg",
			"media_type": "movie",
			"genre_ids": [18, 10749],
			"popularity": 241.93,
			"release_date": "1997-11-18",
			"video": false,
			"vote_average": 7.888,
			"vote_count": 22400
		},
		{
			"adult": false,
			"backdrop_path": "/AcKPLFva3hnfdsArF5bcPTESVCo.jpg",
			"id": 696157,
			"title": "Whitney Houston: I Wanna Dance with Somebody",
			"original_language": "en",
			"original_title": "Whitney Houston: I Wanna Dance with Somebody",
			"overview": "The joyous, emotional, heartbreaking celebration of the life and music of Whitney Houston, the greatest female R\u0026B pop vocalist of all time. Tracking her journey from obscurity to musical superstardom.",
			"poster_path": "/oodPJ3Op1pWBhnEFyw5fampRCWf.jpg",
			"media_type": "movie",
			"genre_ids": [10402, 36, 18],
			"popularity": 82.037,
			"release_date": "2022-12-20",
			"video": false,
			"vote_average": 7.041,
			"vote_count": 146
		},
		{
			"adult": false,
			"backdrop_path": "/odJ4hx6g6vBt4lBWKFD1tI8WS4x.jpg",
			"id": 361743,
			"title": "Top Gun: Maverick",
			"original_language": "en",
			"original_title": "Top Gun: Maverick",
			"overview": "After more than thirty years of service as one of the Navy’s top aviators, and dodging the advancement in rank that would ground him, Pete “Maverick” Mitchell finds himself training a detachment of TOP GUN graduates for a specialized mission the likes of which no living pilot has ever seen.",
			"poster_path": "/62HCnUTziyWcpDaBO2i1DX17ljH.jpg",
			"media_type": "movie",
			"genre_ids": [28, 18],
			"popularity": 322.266,
			"release_date": "2022-05-24",
			"video": false,
			"vote_average": 8.308,
			"vote_count": 6123
		},
		{
			"adult": false,
			"backdrop_path": "/dA54ZxNp63KngiZlMNJIOhnXyY1.jpg",
			"id": 814757,
			"title": "Empire of Light",
			"original_language": "en",
			"original_title": "Empire of Light",
			"overview": "The duty manager of a seaside cinema, who is struggling with her mental health, forms a relationship with a new employee on the south coast of England in the 1980s.",
			"poster_path": "/h84SnIQF91Gz2Fv1OpMJ3245t4i.jpg",
			"media_type": "movie",
			"genre_ids": [18, 10749],
			"popularity": 178.81,
			"release_date": "2022-12-09",
			"video": false,
			"vote_average": 6.2,
			"vote_count": 69
		},
		{
			"adult": false,
			"backdrop_path": "/6RCf9jzKxyjblYV4CseayK6bcJo.jpg",
			"id": 804095,
			"title": "The Fabelmans",
			"original_language": "en",
			"original_title": "The Fabelmans",
			"overview": "Growing up in post-World War II era Arizona, young Sammy Fabelman aspires to become a filmmaker as he reaches adolescence, but soon discovers a shattering family secret and explores how the power of films can help him see the truth.",
			"poster_path": "/d2IywyOPS78vEnJvwVqkVRTiNC1.jpg",
			"media_type": "movie",
			"genre_ids": [18],
			"popularity": 111.195,
			"release_date": "2022-11-11",
			"video": false,
			"vote_average": 7.969,
			"vote_count": 786
		}
	],
	"total_pages": 1000,
	"total_results": 20000
}
